2396,2402,2403,2403,2403,2403,2407,2410,2410,2411,2413,2413,2417,2418,2420,2420,2421
383067,384131,385414,385897,386511,387454,395441,403996,405234,407338,407815,410102,412639,413285,416045,418589,422431
20738,21970,22803,23267,23796,24298,26530,26943,27027,27165,27192,27323,27454,27486,27559,27650,27818
124111,124189,124203,124212,124225,124238,124333,124366,124373,124393,124401,124416,124423,124427,124440,124463,124501
174725,183938,190333,193739,198377,203011,219651,222081,222720,223746,224016,224888,226104,226276,226761,227503,228302
275481,276177,276717,277028,277416,277873,282784,284481,284899,285589,285774,286347,286996,287167,287731,288433,289307
14112,14307,14366,14408,14449,14515,14680,14738,14763,14810,14824,14858,14920,14900,14947,14976,15027
10419,10559,10631,10700,10776,10887,12012,12282,12356,12500,12543,12710,12988,13081,13343,13602,13911
1054631,1132880,1181622,1203079,1240233,1364744,1683641,1718118,1733500,1753661,1758466,1772854,1786725,1789321,1800045,1809751,1823709
800340,831169,856565,865577,879824,895417,1005004,1032079,1038234,1049423,1052757,1066039,1089797,1093821,1105344,1115384,1138113
1122,1310,1368,1391,1428,1462,1564,1588,1593,1601,1603,1617,1625,1626,1636,1641,1647
897114,897241,897327,897381,897465,897570,898564,898898,899002,899154,899207,899388,899607,899683,899885,900083,900340
256315,256927,257402,257696,258349,259059,263109,264422,264703,265202,265313,265896,267244,267407,268139,268755,269607
53943,56748,57785,58265,58789,59412,60983,61100,61119,61154,61162,61178,61214,61220,61208,61214,61228
161603,166905,170202,171922,174170,176407,183639,184766,185045,185424,185516,185883,186337,186433,186448,186690,187094
1450,1458,1465,1472,1481,1486,1594,1614,1620,1635,1642,1656,1673,1678,1705,1731,1755
14544,15630,16210,16544,16910,17260,18655,18997,19062,19172,19204,19374,19517,19553,19619,19753,19914
77726,80408,82202,82948,83655,84268,86080,86311,86356,86459,86485,86609,86711,86719,86799,86934,87085
1452103,1481777,1503480,1517562,1536301,1563553,1768480,1836303,1854794,1897698,1911683,1951777,1997478,2012437,2056092,2095681,2149009
291052,303711,312794,317722,323485,329427,365836,375772,377716,382501,383843,388272,393460,394211,397522,400221,404497
254157,264972,271607,274933,279162,283199,301727,305083,306027,307397,307730,308859,310052,310368,311210,312048,313195
755648,758949,761537,762937,764536,766394,783326,790516,792537,797002,798779,803268,810988,814051,819961,826395,835471
76164,76322,76446,76513,76608,76718,77792,78173,78284,78416,78446,78594,78777,78812,78963,79089,79284
2056108,2245301,2357858,2395412,2432890,2472395,2602451,2632812,2640348,2654668,2657898,2669100,2679156,2679942,2687970,2695115,2707009
1495202,1666802,1787144,1857340,1926148,2008184,2583292,2745588,2783261,2867646,2896079,2985105,3095269,3124710,3206113,3288413,3404782
569935,613982,657208,665697,678535,694836,818241,867077,878316,898283,902289,919512,935000,940132,953763,965025,980299
4346072,4349114,4351012,4352353,4354138,4356283,4376574,4383183,4385410,4389192,4390187,4393643,4398194,4399678,4403517,4407706,4413939
1293,1356,1371,1386,1406,1423,1567,1717,1722,1738,1743,1762,1789,1794,1808,1821,1835
452775,706456,951027,1050452,1164454,1306752,2347148,2611295,2677525,2848274,2905417,3095784,3300766,3360748,3540600,3684173,3899403
657406,658227,658626,658889,659291,659764,663845,665154,665443,666249,666425,667235,668039,668267,668993,669730,670825
847137,878341,900996,908264,917098,929234,999443,1020020,1024855,1034739,1037346,1045613,1053490,1055701,1063222,1069693,1078432
244441,266156,277514,285995,293108,302522,309796,310731,310953,311601,311817,312466,313197,313207,313950,314598,315223
102428,110025,115666,117325,119424,120922,128826,130565,130793,131262,131368,131809,132218,132242,132522,132773,133232
254012,267380,275515,279197,283785,288179,300950,302792,303300,304053,304232,304845,305512,304957,305310,305674,306132
34945,40014,41768,42895,44123,45844,52820,54567,55008,55933,56155,57046,58093,58348,59124,59887,60763
39423,41718,43635,44522,45580,46697,54976,56234,56758,57580,57760,58252,59231,59472,60146,60827,61928
74858,77961,80394,81236,82043,82845,86287,86990,87137,87476,87550,87904,88199,88249,88520,88709,89000
1380388,1498834,1564527,1590842,1633402,1685787,1961251,2021327,2035706,2067016,2075381,2102746,2129390,2135346,2157445,2175584,2207577
149382,153807,156256,157093,158147,159379,167165,168915,169325,170295,170512,171295,172081,172227,172984,173569,174368
6444811,6471610,6491314,6501100,6511945,6524564,6619701,6649743,6656641,6675567,6682264,6700105,6717815,6728928,6758197,6780807,6812963
48016083,53806674,57243331,59420616,62221008,67080512,106635897,117061557,120939068,127874326,129915378,135409194,143948610,146162239,154829998,162954939,176058548
902195,953050,982706,992500,1002585,1011919,1061295,1070270,1072028,1075808,1076725,1080150,1083709,1084590,1087964,1090787,1094678
7277,7375,7424,7468,7514,7564,8191,8449,8514,8684,8743,8910,9112,9155,9350,9533,9774
1009168,1009752,1010138,1010333,1010564,1010841,1013203,1014065,1014277,1014779,1014948,1015471,1015982,1016332,1017234,1017887,1018710
5394,5440,5473,5492,5516,5543,5846,5935,5948,5978,6001,6037,6081,6087,6118,6171,6234
581913,585192,586477,587554,588961,590147,595943,597284,597597,597696,597885,598110,598787,598982,599676,600372,601886
1740846,1744093,1746574,1748520,1749124,1749480,1751678,1752321,1752482,1752991,1753134,1753509,1754000,1754113,1754498,1755011,1755533
11076,11313,11487,11610,11710,11901,13056,13243,13279,13426,13464,13594,13719,13762,13825,13931,14014
706278,725464,740126,749721,761038,775126,955337,1007274,1019626,1044940,1050685,1098669,1205798,1229326,1299651,1376237,1476443
5054963,5079613,5120375,5134398,5153876,5173938,5333175,5385413,5399161,5426340,5439043,5461832,5488513,5495472,5519585,5540492,5587333
208942,234937,248004,252367,257083,261645,270482,271084,271200,271432,271481,271653,271926,271919,272108,272326,272575
19741,23214,25778,26634,27834,29223,32587,33102,33193,33365,33398,33543,33894,33931,34030,34101,34276
84694,84927,85152,85283,85415,85550,88039,88679,89347,89642,89703,89929,90177,90258,90451,90614,90946
171704,233213,271214,297302,319143,339378,397034,404750,405939,408710,409827,413041,416389,416966,419091,420884,423274
84932,85568,86129,86286,86355,86689,87417,87596,87633,87683,87695,87736,87818,87837,87937,88025,88147
348564,380783,416101,433090,448086,463363,490185,493556,494423,495761,496100,497335,498756,498345,498993,499717,500767
269,269,269,269,269,269,269,269,269,269,269,269,269,269,269,269,272
32856993,32987209,33078814,33148652,33222826,33323153,34119936,34416655,34493270,34671841,34733144,34894116,35095717,35156500,35334301,35517614,35783086
38444,38468,38514,38531,38557,38577,38871,38992,39016,39052,39062,39105,39177,39199,39240,39289,39360
79,81,81,81,81,81,81,81,81,81,81,81,81,81,81,81,81
21567,21658,21671,21680,21701,21710,21904,21939,21948,21974,21982,22015,22051,22067,22086,22103,23169
49443,55305,61692,63187,64635,65792,76322,78907,81832,84226,85255,86650,87659,87896,88487,89287,90587
6024,6100,6137,6165,6195,6222,6443,6524,6532,6565,6577,6597,6657,6669,6685,6697,6724
3581,3642,3690,3714,3741,3797,3910,3935,3955,3984,3992,4007,4021,4027,4087,4116,4161
21349,24439,26741,27831,30110,32403,42293,44005,44390,45222,45504,46397,47047,47170,47752,48190,48679
768897,773372,777188,778767,781419,786191,816791,827605,831238,837768,838916,843597,848969,850505,855296,859434,864810
69563,73273,76024,77505,79599,81892,86313,86780,86852,87011,87052,87214,87348,87352,87397,87495,87577
19700,19721,19740,19753,19768,19781,19944,19997,20006,20027,20034,20048,20061,20065,20084,20091,20128
231260,240292,245825,248682,252266,255743,272697,276252,277336,279011,279412,280632,281951,282280,283003,283859,285001
50567,53790,56138,57175,58439,59530,64204,64923,65267,65950,66093,66493,66916,66855,67069,67342,68228
9407266,9443012,9468628,9481609,9495951,9512628,9642528,9687359,9697689,9725742,9735707,9764573,9792374,9807424,9848723,9880105,9923934
513219,744593,821256,857354,902204,947916,1171966,1258264,1284887,1324262,1334553,1383256,1421709,1433179,1476323,1523144,1567442
248408,295058,312603,317522,323473,329670,346171,348676,349314,350391,350610,351485,352501,351815,352370,352862,353619
3011,3085,3108,3121,3139,3151,3207,3222,3216,3224,3226,3231,3240,3243,3245,3251,3254
57538,64465,67431,68863,70617,72253,76997,77776,77964,78271,78353,78657,78996,79078,79188,79392,79685
173553,180315,185133,186463,188233,191156,209586,215853,217544,222065,223418,227685,230752,231484,234883,236968,240652
69185,81784,91079,100129,112013,125383,165399,173498,175562,179316,180179,183597,188278,189367,197325,203720,213621
3922336,4510395,4860351,4977110,5141636,5333476,5846666,5967306,6030161,6109376,6126686,6195883,6279740,6289186,6340231,6390327,6480765
173261,196449,212785,219811,225856,231424,251247,253751,254478,255922,256122,257147,258141,258370,258997,259622,260384
37569,47221,53396,56017,58440,61423,78504,85872,87507,90058,90746,93184,96532,97471,100906,104317,110132
806730,833452,842107,845013,848553,852972,876840,883275,884653,887219,887965,891067,893527,894058,895647,896855,899130
26496,26557,26564,26566,26572,26590,26686,26711,26716,26730,26736,26759,26784,26804,26817,26832,27736
109264,109417,109479,109502,109556,109625,110300,110501,110543,110642,110664,110753,110867,110903,110996,111073,113813
602797,807759,953587,1036634,1129576,1252159,2032901,2251440,2304336,2411575,2444290,2546648,2681988,2724647,2861572,2972991,3138449
16868592,16882831,16892269,16900421,16909956,16923170,17033495,17069852,17081496,17102178,17107346,17126360,17146950,17152466,17169069,17187773,17216550
439575,457147,462337,465355,468101,470449,481920,483910,484432,485486,485756,486527,487695,487938,489203,490088,492070
149253,156247,163148,172439,176008,179546,188703,189844,190125,190696,190853,191409,191926,191888,192159,192480,193121
155582,182337,189033,196507,206230,214625,243350,246868,247588,248912,249180,250206,251478,251987,253842,255591,258913
149600,160349,167642,171525,176610,182065,202692,205020,205347,205979,206110,206587,207102,206232,206628,207054,207664
19768,24502,27016,28147,29498,30553,34480,35453,35544,35691,35733,36072,36261,36277,36274,36317,36382
1923931,1953051,1971949,1979474,1987764,1998669,2064384,2086757,2091934,2105669,2110044,2122436,2135593,2145619,2169223,2185719,2209292
19331,19341,19344,19352,19356,19366,19411,19434,19438,19446,19448,19455,19463,19466,19471,19476,19492
360062,370326,373396,375071,375898,376111,379840,380586,380732,381050,381141,381444,380686,380181,379147,379357,379692
1565,1594,1624,1632,1632,1634,1641,1642,1644,1648,1652,1658,1658,1660,1665,1668,1669
197,197,197,197,197,197,197,197,197,197,197,197,197,197,197,197,199
714932,845890,939073,980189,1031625,1094646,1565878,1687899,1715390,1773662,1791052,1844636,1911700,1927847,1978775,2029613,2107286
1805870,1926807,2012177,2053184,2100527,2159078,2432845,2518052,2541554,2581643,2591301,2625515,2679898,2691030,2728068,2758754,2816009
4364665,4371658,4376339,4380310,4384722,4390627,4442379,4459168,4464390,4474475,4477069,4486359,4498935,4503343,4513667,4525048,4541871
8133701,10446079,11690193,12522032,13312256,14117302,16625377,16943927,16989633,17108507,17138427,17243158,17358918,17385502,17476329,17556094,17694167
1234813,1345018,1427799,1457460,1504385,1564870,1751191,1809953,1822137,1845808,1851485,1876310,1903197,1910210,1941111,1963319,2029219
560654,586659,605597,611503,619749,631641,713305,741939,748501,760553,763466,775058,784780,787208,795832,802384,810906
2604855,2621448,2639992,2648026,2657197,2671018,2876907,2959825,2980927,3009700,3013593,3036357,3077230,3087023,3122989,3153277,3199847
280402,299721,311068,315126,320641,327227,364520,375723,378754,385307,386845,392153,397121,398195,402099,405558,410965
4040243,4074960,4100790,4113428,4128712,4147360,4291550,4341122,4352409,4383163,4393643,4422107,4450517,4468487,4519033,4556091,4604515
5188471,5210814,5223757,5229753,5236360,5244991,5312034,5333101,5337975,5351227,5355924,5368280,5381026,5390428,5422075,5442656,5470931
630176,634504,638063,639527,641723,644155,694506,718437,723367,736021,740577,752760,766139,770644,781397,793422,827365
2687,2729,2769,2794,2810,2855,3341,3429,3445,3525,3549,3596,3656,3669,3708,3727,3782
667770,724913,764567,777197,790657,805498,871675,878157,880857,886377,886971,891394,895294,895803,895512,896557,898456
1622139,1624860,1627049,1628730,1629428,1629937,1633508,1634738,1635033,1635859,1636111,1636800,1637820,1638037,1638767,1639512,1640573
28865,29347,29809,30056,30240,30396,30870,30972,30996,31049,31065,31137,31205,31213,31116,31137,31190
421504,469232,509475,519552,570769,599605,699468,731473,739385,754127,757757,771655,786038,789502,799049,809503,826727
5333,5662,5818,5873,6028,6180,6789,6955,7034,7150,7178,7265,7338,7322,7372,7416,7486
1226886,1261776,1280196,1289264,1301541,1316549,1368979,1379702,1382462,1387359,1388712,1395133,1400916,1401945,1406136,1409984,1416204
123190,126369,126890,127193,127445,127685,128716,128856,128880,128961,128977,129040,129012,129256,129279,129322,129382
712383,915348,1036763,1100540,1174912,1247172,1448829,1469457,1473211,1482961,1485251,1493385,1502298,1503932,1510683,1516166,1525683
13966089,13976479,13982532,13985747,13990562,13997030,14062545,14088420,14095158,14110161,14114600,14129998,14145837,14150482,14167945,14181485,14199305
101136,101387,101466,101514,101588,101715,102275,102382,102406,102470,102480,102538,102619,102649,102706,102761,104608
440031,611288,719415,766708,823662,913898,1413420,1506250,1550074,1594474,1607418,1629383,1660538,1666180,1683728,1702553,1724653
295690,304832,313884,315427,318056,321750,343277,349008,350209,352621,353325,356337,359705,360393,363024,364981,367527
122796,123089,123253,123353,123490,123701,125214,125621,125730,125932,126027,126234,126520,126603,126970,127311,127609
66430,70903,74347,75863,77489,79031,86701,87785,87977,88466,88574,89016,89472,89599,89730,90055,90491
352965,354376,355677,356093,357369,359803,369908,371530,371887,372598,372787,373503,374574,374762,375464,376050,376862
132271,142307,144901,146609,149049,150213,153276,153655,153726,153896,153946,154114,154281,154210,154276,154389,154559
481375,488329,495185,500142,507827,514381,569178,587549,594221,600757,603225,609709,618361,620875,627289,634014,659780
209212,209744,209941,210014,210177,210373,212191,212629,212725,212997,213059,213289,213537,213606,213872,214089,221916
4655162,4790187,4869471,4935553,5007452,5109861,6024434,6332293,6408594,6591804,6657369,6839156,7044386,7109785,7318854,7522797,7851825
206705,226209,239006,244575,252571,259927,282745,288040,289395,291079,291489,293006,296676,297212,298816,300775,303635
2303,2318,2329,2340,2354,2374,2556,2632,2639,2668,2676,2704,2735,2743,2764,2793,2815
32492,37024,40186,42418,45082,47169,53984,54830,55056,55604,55679,57258,59480,60164,61769,64036,66379
7930131,7938930,7944448,7949406,7955112,7962766,8023413,8043205,8049748,8061280,8064288,8075641,8091164,8096270,8109549,8124104,8148306
289645,290682,291917,292404,293049,293956,300317,304519,305289,306610,306865,308094,309688,310188,312327,314305,317217
5694,5754,5781,5793,5810,5818,5848,5856,5856,5858,5864,5865,5865,5865,5866,5866,5866
198,199,199,199,199,199,203,203,204,205,205,205,205,205,205,205,205
26906,27180,27378,27453,27555,27721,29801,30562,30759,31269,31392,31943,32447,32604,33096,33423,33999
17070,17192,17301,17372,17452,17476,18117,18279,18327,18386,18400,18445,18480,18491,18529,18562,18631
682,687,687,688,688,688,690,691,691,692,692,692,692,692,692,692,692
64106,64319,64459,64528,64633,64776,65288,65389,65432,65497,65515,65594,65672,65690,65737,65783,65873
17894,21947,24351,25039,25982,26631,27416,27502,27526,27561,27573,27603,27619,27620,27562,27569,27570
149741,165364,177330,181060,185277,188597,209109,212440,213958,215864,216225,217927,220565,220666,221344,222071,223030
1816212,1821830,1826934,1829785,1834499,1839048,1860211,1864131,1864993,1866650,1867228,1868768,1870837,1871381,1873205,1874789,1877730
12722643,12744616,12760655,12775989,12792398,12814511,13010652,13080465,13104004,13140595,13147836,13181266,13226759,13242057,13274427,13314725,13371728
406521,510212,579715,622491,681572,710836,840217,869177,876689,893936,898526,914553,933135,937896,955852,970609,1000624
43912,45573,45984,46090,46235,46368,46888,47027,47083,47158,47182,47259,47339,47352,47694,47748,47863
2410373,2899573,3186453,3358304,3565717,3843032,5945317,6569191,6715921,7039128,7145924,7434373,7805572,7909944,8238582,8543797,9008464
530587,624390,656386,674323,692859,710125,779854,796652,801554,817215,821421,836450,851118,853166,861388,869754,880502
79,79,79,79,79,79,81,81,81,82,82,82,84,86,86,91,91
249803,250815,251789,252213,252955,254031,260036,261689,262007,262592,262826,263459,264481,264693,265551,266303,267873
476556,478095,479404,480123,480933,482190,490933,493260,493803,495300,495771,497095,499123,499683,501243,502687,504778
362572,371882,375954,377188,378715,379999,387011,389128,389600,390455,390670,391687,395166,395435,396629,397785,399425
170136,175641,178971,180909,183189,185574,198707,201633,202302,203789,204143,205426,207713,208230,210254,211875,214391
2951057,3008533,3150980,3197982,3249867,3282465,3457613,3526270,3543365,3571203,3575807,3596792,3622216,3628535,3662223,3688679,3730409
24456,28095,30098,31499,33075,34961,41125,42242,42461,42886,42982,43375,43729,43847,44202,44548,44901
5233,5785,6075,6222,6387,6582,7304,7337,7348,7411,7417,7449,7471,7475,7457,7459,7471
437257,438410,439253,439667,440482,441952,448589,450713,451184,452029,452255,453116,455407,455697,456638,457470,459555
6538456,6568948,6588861,6598721,6612749,6633294,6862996,6949424,6973559,7028943,7047570,7108927,7172344,7191710,7258398,7312337,7385674
56,58,59,59,59,59,59,59,59,59,59,59,59,59,59,59,59
6175668,6196237,6208698,6215886,6229376,6243163,6396917,6439054,6451218,6480060,6488255,6517166,6557942,6571636,6607817,6641159,6685753
3562,3592,3604,3615,3624,3653,3838,3849,3850,3873,3880,3899,3920,3924,3933,3961,3965
1875,2009,2095,2148,2217,2290,2738,2866,2879,2901,2909,2974,3081,3105,3132,3188,3247
2651,2748,2825,2873,2922,3004,3479,3641,3668,3729,3729,3732,3734,3738,3739,3740,3745
235488,254480,262523,265349,269395,273771,284109,284714,284865,285227,285319,285503,285762,285688,285826,285963,286163
110371,110935,112320,112566,112980,113269,114062,114284,114341,114477,114518,114645,114783,114829,114932,115049,119848
2031712,2091588,2125331,2138827,2158219,2185399,2376624,2451632,2474123,2513001,2520822,2549010,2575639,2582167,2605799,2625830,2653039
1165330,1165371,1165378,1165382,1165394,1165416,1165534,1165570,1165576,1165602,1165609,1165632,1165659,1165679,1165696,1165720,1167236
4210,4457,4484,4504,4513,4526,4603,4622,4625,4639,4641,4657,4674,4689,4693,4709,4731
117274,123334,127673,129564,132214,134581,142837,143722,143932,144386,144482,144869,145239,145118,145305,145508,145785
256360,257010,257743,258209,258592,259056,265698,267568,267977,268660,268848,269506,270446,270702,271255,271820,272612
34206,39065,41781,43439,45508,48393,56953,58424,58700,59179,59303,59744,60220,60334,60775,61187,61701
1588,1639,1656,1664,1668,1677,1704,1717,1718,1726,1727,1735,1742,1744,1751,1755,1755
427342,488823,522959,537385,554843,567172,617444,625776,627030,629647,630304,633133,635203,635709,636933,638098,640399
2062660,2174982,2242567,2265387,2297438,2322910,2534675,2595047,2604389,2641051,2648688,2678030,2707747,2713858,2728609,2742138,2767659
318415,347187,360921,366776,373694,381756,425006,433848,435902,439927,440824,444164,451166,452158,454809,457339,460777
402739,406410,412354,414104,416480,419591,444456,455950,458370,463638,464391,468552,472863,473799,479433,484518,491237
26357,29520,30211,30800,31497,32305,37740,38265,38415,38702,38762,38982,39445,39498,39701,39827,40065
76916,79305,80931,82093,83562,85749,96661,99100,99709,100894,101235,102640,104172,104695,106544,108399,110983
165455,168642,171028,172254,173793,175416,189097,192499,193309,194655,194965,195997,197138,197401,198436,199380,200991
358865,360248,361109,361495,362345,363378,371127,373452,374057,375357,375673,377062,379358,379733,380967,382023,383996
324840,326672,328205,328946,330380,333314,345176,347869,348461,349529,349811,350782,354723,355324,356347,357510,359363
177963,239716,289543,362199,430413,507989,764344,766084,766704,767853,768091,768723,770085,770429,770693,771678,771912
6087,6182,6254,6334,6400,6474,7177,7385,7425,7513,7533,7614,7723,7752,7830,7998,8092
295673,306398,311973,314753,320234,326559,360454,365836,367610,369753,370246,372041,374275,375178,376765,379766,383125
593069,683273,732887,747953,770172,791096,1049440,1229245,1252634,1292503,1303364,1339760,1383781,1395085,1429775,1461605,1517174
589815,591474,592515,593230,593944,594917,603281,606157,606795,608385,608890,610504,612508,613086,615194,617118,619762
788197,794706,800945,802960,806301,812190,852530,866858,870535,877951,879507,885772,892910,895362,903603,909686,917386
2898903,3450150,3827603,3924321,4140853,4319821,4584333,4617035,4623190,4638859,4643051,4657043,4670960,4673444,4682233,4690849,4789428
21243648,21287413,21326457,21348555,21370770,21395242,21617928,21695460,21715724,21762915,21777037,21812881,21873674,21890352,21931749,21975453,22031594
4686277,4723223,4745228,4758971,4779580,4807361,5045535,5128003,5146669,5193898,5208394,5252441,5306184,5318625,5367370,5405833,5466057
65967,67189,67730,68020,68300,68532,69218,69309,69326,69353,69359,69668,69727,69682,69693,69731,69818
84,85,85,85,85,85,85,85,85,85,85,85,85,85,86,86,86
2168248,2191559,2211877,2217523,2223923,2230446,2265375,2273344,2275080,2278871,2279886,2283688,2286924,2287428,2290204,2292372,2295142
1004020,1023699,1043386,1052567,1065235,1087573,1277579,1307582,1313672,1324281,1326538,1336029,1347646,1350694,1360475,1370281,1390763
2475,2501,2520,2540,2551,2576,2766,2851,2862,2894,2904,2939,2968,2975,3003,3032,3069
296089,297519,298478,298963,299503,300193,304985,306675,307018,307997,308321,309321,310242,310770,312286,313190,314374
134221,136631,137807,138415,139202,140130,143260,143540,143621,143770,143812,143996,144167,144222,144330,144467,144668
53035,62382,69939,71496,72457,73171,75445,75782,75871,76030,76075,76206,76371,76402,76408,76481,76630
19913,21112,21932,22423,22992,23661,25803,26222,26298,26478,26523,26667,26809,26833,26948,27086,27305
334796,356976,369227,374045,380301,388465,429172,441096,444367,450360,451846,456739,461232,462100,465739,468790,473629
78427,83558,87835,90247,92678,95896,117768,121197,122600,124915,125429,127027,129301,129991,131802,133648,136991
5937096,5949082,5955793,5959237,5966216,5972598,6008974,6019770,6022148,6028370,6030409,6036361,6041885,6043345,6049965,6055101,6072230
292219,369464,484124,515713,548256,563975,586166,591955,593031,594966,595340,596829,598230,598075,599506,600736,602881
49117,51398,52792,53287,54079,54816,60641,63304,63714,64667,64921,65914,66883,67000,69437,69988,72507
149429,214404,260424,286072,314427,354819,430883,434498,435140,436612,437219,438660,439579,439420,439971,440540,441225
158153,160925,162697,163707,165324,166625,171205,171871,172027,172359,172473,172988,173659,173758,174010,174328,176300
701300,717318,728279,733171,739380,741402,826219,873905,883602,907659,913270,932371,952582,960624,980977,1000085,1022705
243460,243804,243846,243857,243885,243927,244222,244314,244334,244390,244405,244457,244512,244434,244333,244378,246716
710188,724843,731982,737652,744913,756587,802211,809416,811009,814996,816318,820115,824339,825631,830710,834914,840832
782690,809611,834547,845657,862380,936545,1097754,1112019,1115130,1120334,1121812,1127851,1135157,1136999,1142435,1147721,1161662
3024462,3204757,3291708,3323940,3362349,3398316,3553346,3588579,3597646,3618395,3623779,3640732,3662030,3664707,3678646,3691365,3706190
131684,134408,136194,137101,138061,138417,142516,142990,143081,143267,143315,143515,143771,143833,143987,144165,144364
16332,17531,18996,19327,20244,23800,49420,58426,61748,66903,67693,70705,75970,76887,79094,90437,97845
1996324,2008254,2015032,2019469,2024530,2031474,2088566,2107577,2112201,2121901,2125340,2136855,2156140,2162389,2177542,2191482,2210326
416622,567596,647275,683990,716186,737827,773890,792469,795209,800921,802453,807460,813253,813139,819080,822733,827439
18205,19667,20764,21248,21934,22505,24993,25749,25957,26274,26338,26594,26944,27015,27243,27461,27802
295221,414842,502260,566313,640367,800042,1673953,1906507,1960263,2102529,2158037,2313690,2507283,2562241,2783431,2976959,3282419
267793343,285651000,297023769,305369704,315792522,329977458,445364755,487562082,497975480,521271936,529318113,551924886,580310983,588633069,612598146,635918568,677946369
836271,867660,893462,900665,916664,946987,1170723,1323012,1342398,1375533,1383232,1413582,1441332,1451618,1479449,1502128,1533141
27608,29810,31566,32177,32787,33263,36058,37787,37868,38027,38059,38279,38427,38470,38361,38491,38726
52155,52194,52221,52236,52258,52299,52479,52525,52535,52550,52556,52576,52610,52620,52656,52686,52722
308595,308672,308726,308755,308803,308882,309630,309875,309956,310114,310155,310282,310455,310503,310689,310855,311080
960303,964321,967713,968938,970801,974049,1003793,1023394,1029102,1038128,1040365,1048528,1055989,1058216,1066082,1072321,1085223
293012,294827,296386,297254,299201,301289,310673,313277,314044,314723,314930,315702,316766,317007,317918,318767,319733
427389,432205,434965,436903,439318,441842,455627,457806,458087,462996,463950,464899,465955,466209,467063,467985,469180
136174,152978,164536,170159,176462,187551,255116,266170,271169,279933,281942,288640,296401,299044,305553,312211,326864
375872,393764,398537,400991,403328,406234,422056,424308,424825,426074,426519,427686,428792,428848,429716,430433,431404
390968,391330,391567,391713,391846,392024,393248,393649,393744,394009,394095,394328,394610,394899,395508,395973,396550
55340,55947,56432,56771,57053,57392,58167,58240,58253,58285,58290,58311,58359,58367,58355,58384,58429
94009,94092,94153,94188,94233,94336,95522,95733,95808,95891,95918,96003,96129,96155,96266,96357,96539
78985,89897,100712,107703,116453,127169,167512,176349,178418,182727,183730,187137,191924,193286,198981,204300,210911
2006,2075,2106,2117,2129,2142,2224,2250,2249,2262,2264,2274,2286,2287,2287,2297,2303
456225,457633,458526,459004,459734,460590,475652,482063,484015,487401,488119,491312,495340,496274,498740,501109,506582
3807328,3877751,3895859,3902915,3910667,3919813,3984988,4007903,4013163,4027081,4031857,4044917,4058060,4066654,4096219,4116749,4145524
117386501,118668727,119306488,119758941,120317349,121090502,127873393,130120379,130676099,131931883,132368728,133574829,135725781,136337742,137857560,139358045,141590106
50123,50197,50219,50224,50248,50304,50534,50623,50648,50719,50728,50760,50819,50845,50878,50925,51634
2180712,2194809,2204400,2209124,2214509,2220844,2260668,2274255,2277665,2287121,2290433,2300108,2311831,2323207,2342628,2358021,2386322
969021513,971255726,972784600,973917690,975276604,976996663,992969074,998713949,1000236348,1003808123,1004938147,1008068468,1011836850,1012943278,1016030190,1019324856,1024641847
137,137,137,137,137,137,137,137,137,137,137,137,137,137,137,137,137
6198,6269,6308,6353,6399,6449,6851,6931,6948,7018,7036,7082,7147,7161,7199,7248,7321
5114904,5135358,5148820,5155724,5163703,5173535,5251503,5279443,5285902,5303219,5309572,5328497,5345635,5358344,5389284,5413847,5453094
1524540,1552062,1569632,1577808,1590557,1608540,1739914,1778058,1786727,1803346,1807248,1821371,1834618,1838084,1851218,1861718,1876537
195491,195893,196173,196318,196575,196956,199551,200419,200605,200987,201081,201468,202042,202146,202522,202889,203539
131691,136745,139895,141815,144560,147917,166934,171447,172803,175347,175694,176684,178896,179155,179981,181847,184679
23971,24000,24006,24010,24014,24015,24030,24035,24037,24043,24043,24047,24049,24051,24054,24058,24059
1166122,1228589,1257751,1279418,1294542,1306666,1575245,1843416,1906977,2032579,2064912,2188949,2324410,2366149,2431205,2521123,2599538
1364690,1368034,1371865,1373382,1375529,1378261,1402696,1416303,1419686,1424735,1425847,1430443,1436027,1437510,1443519,1448661,1457162
58179,66557,72738,76043,80865,82359,127375,136946,139522,144267,145334,149765,156514,157710,162427,167861,175871
61761,61815,61863,61877,61917,61966,62267,62351,62376,62420,62435,62498,62569,62588,62644,62707,62781
686550,975247,1201284,1358945,1527251,1758385,3396426,3885455,4001187,4280857,4391937,4633649,4933533,5023768,5283011,5523831,5894160
1004719,1109291,1158609,1186577,1214755,1238840,1400614,1436222,1443270,1457974,1461825,1475938,1488315,1490884,1501078,1510190,1522238
1130851,1137167,1140401,1141466,1142776,1144343,1154838,1158524,1159399,1161575,1162346,1164602,1166911,1169308,1172971,1175510,1178712
121896,126264,129076,131560,133795,137562,163156,169444,171156,176518,178368,183815,188156,189130,192926,196343,201253
106262,111917,113982,115228,116607,117798,121823,122418,122730,123555,123746,124417,125124,125191,125817,126415,127284
551354,628147,679913,696604,718722,749315,890102,935566,955035,984299,992224,1013814,1028778,1045796,1060494,1071597,1093651
372,372,372,372,372,372,372,372,372,372,372,372,372,372,372,372,372
289403,304337,314316,322172,335142,353405,452189,478893,485149,499745,504071,517044,531634,537188,556428,574561,603951
14120358,14186852,14223987,14251089,14283148,14333021,14787580,14937615,14973765,15054811,15083563,15165946,15279116,15314251,15408378,15497781,15632025
529906,604619,642321,658705,680681,702794,829793,843402,845835,849476,850305,853707,857607,858185,860491,862753,866257
111430,208180,245966,273258,312475,354931,427095,429329,429759,431146,431533,434522,435787,436207,437128,437950,439494
9906019,9933049,9957898,9971581,9986356,10003729,10156897,10207503,10219749,10250053,10258949,10284618,10326658,10338452,10368746,10400218,10442358
647879,857568,994822,1118670,1251997,1371074,1572193,1595907,1609255,1624994,1628046,1635903,1657122,1659966,1667223,1678190,1688960
44262,44664,44799,44855,44938,45033,45435,45466,45474,45496,45498,45512,45534,45539,45568,45584,45605
34642,36584,37713,38761,40017,40626,42497,43252,43367,43579,43648,43850,44098,44096,44253,44411,44718
190732,193363,195217,196035,197395,199287,211503,213900,214571,215417,215603,216521,218207,218449,219092,219640,220822
25505917,25549895,25582698,25605202,25626370,25651641,25872540,25948862,25968130,26013599,26027937,26067663,26143460,26161771,26210485,26260656,26330113
5344,5405,5430,5452,5472,5506,5796,5866,5891,5936,5949,5986,6055,6078,6126,6179,6270
47354636,52870342,57046986,59531942,62752787,67168446,107405987,121443950,125302742,133957211,136542466,144377944,157888374,161892876,172626114,183150005,198974090
23431,23745,24373,24963,25667,25978,26477,26540,26561,26609,26615,26647,26672,26350,26361,26380,26393
30378874,30389009,30395675,30399803,30404894,30410918,30472913,30494654,30499732,30512620,30516478,30529730,30547033,30551937,30567156,30580895,30598442
1065322,1067307,1069841,1071964,1074414,1077694,1100829,1107345,1109460,1113090,1113975,1117331,1121901,1123257,1126596,1130179,1136015
161,167,168,168,168,168,169,169,169,169,169,169,169,169,169,169,169
62795,64052,64710,65277,65883,66956,77626,80678,81450,83331,84017,85580,87341,87825,89442,90911,92995
189856,240484,278440,296590,319678,350967,452228,488496,519123,542744,547521,566243,606050,620782,664999,710209,745902
134764,135160,135216,135244,135308,135384,135732,135812,135827,135878,135892,135939,135994,136023,136058,136100,138917
741699,743205,744388,744939,745929,747723,766313,770824,771908,774284,774894,778695,790758,791826,794773,797543,802774
137,145,147,147,147,148,149,149,149,149,150,150,150,150,150,150,151
398241,423408,440154,449105,460275,471678,542735,565607,572525,585863,589096,599820,614352,618930,631049,642248,656600
70275,79616,85232,91045,95989,99230,112345,114112,114390,115058,115229,115850,116406,116517,116839,117164,117561
126245,151899,164751,169201,177523,185840,208208,216347,218434,222888,223793,227651,231825,233144,238170,242507,247509
935831,953790,968712,972906,984249,997194,1155820,1226168,1243693,1270987,1276732,1300839,1323478,1331885,1354553,1372229,1396042
311303,452590,518700,551367,589626,623862,753495,773261,777785,785019,786697,794190,806040,808471,815302,816262,825518
2312677,2321309,2327290,2330649,2335017,2339452,2367881,2375367,2377154,2383569,2385516,2389849,2397264,2399126,2404258,2410418,2417328
4961,5006,5041,5065,5081,5107,5239,5272,5280,5303,5309,5324,5360,5364,5386,5398,5425
5288,5488,5610,5698,5788,5936,7582,7943,8017,8269,8342,8537,8742,8794,8947,9131,9342
681357,886217,1018736,1078195,1148008,1274041,2206402,2734043,2821762,2981010,3037348,3160340,3286422,3339576,3509505,3684153,3858206
143308,149712,155435,158668,177205,197065,401088,463568,480414,500059,501963,510490,554801,559186,588507,621324,664457
87306,87672,87997,88175,88399,88655,91363,92079,92266,92528,92594,92881,93160,93219,93484,93722,94168
141403,155373,157389,157847,158105,158382,159756,160024,160088,160217,160242,160362,160414,160251,160235,160341,160545
694999,696657,697569,697993,698505,699119,703486,704839,705207,706105,706428,707293,708160,708811,710301,711317,712617
531100,577822,610922,643464,665809,690830,759862,775603,778921,786308,788447,794793,802385,803966,810240,815827,824956
2570662,2591776,2618419,2626721,2638449,2650514,2840022,2914600,2934966,2962413,2965382,2981340,3003967,3010155,3039288,3062777,3097492
102204,113813,123053,129521,139301,154181,531415,542148,543459,547167,547943,551463,555745,556318,557488,558316,559700
572495,619728,651156,662003,678338,694922,787740,814481,820443,833210,836929,850718,865019,868585,880649,890908,899726
52578,57099,59818,60909,62372,63872,69107,69953,70185,70494,70566,70847,71147,71019,71232,71401,71629
10287111,10310243,10330388,10347590,10364120,10386473,10569859,10627764,10646426,10676500,10683953,10711980,10743158,10752642,10775036,10800237,10840690
707512,769085,819405,848796,886446,940456,1445912,1693684,1739735,1830983,1857575,1953543,2066267,2099014,2224745,2330393,2477333
2718624,2849496,2930221,2987056,3047966,3124542,3601737,3726904,3756877,3829865,3855090,3920367,3996565,4017774,4080818,4142651,4223799
253548,262773,279377,287126,295447,301681,333790,341440,343837,347026,347726,350755,353925,354510,356584,358892,362240
41160,43412,45066,46195,47374,49252,56647,57732,57993,58435,58547,58962,59425,59546,60072,60564,61083
936083,942528,947906,949815,953494,960267,1015563,1042015,1049653,1063873,1067047,1079531,1092479,1094842,1109137,1119008,1134676
1284744,1323128,1350760,1363569,1390992,1424737,1628405,1672636,1687420,1722343,1730365,1759410,1830950,1851480,1876260,1901808,1946154
203715,215416,222002,224665,227832,231779,257917,266454,268182,272704,274099,278125,281977,284492,292834,297501,302829
685307,693330,697924,700772,704305,709175,741675,752032,754184,758900,760360,765501,772569,774689,781057,786935,795463
52965,61493,66837,69958,74997,80443,132826,139647,140938,143050,143610,145846,148287,148993,150910,152858,158310
23808,27716,29757,31274,32774,34968,39586,40147,40237,40413,40459,40680,40897,40944,41092,41236,41411
195018,217952,232216,240121,249436,259440,296289,301867,303500,306270,306993,309084,311481,311819,312929,314079,316369
31268,31394,31507,31574,31667,31748,32768,33097,33162,33292,33338,33448,33557,33582,33684,33797,34002
1525985,1537743,1545853,1550615,1556701,1565031,1645623,1677500,1687600,1709958,1716736,1737677,1765083,1773605,1800394,1824254,1858733
122005,124359,125718,126685,127459,128621,134919,136939,137405,138337,138698,139867,140948,141231,142416,143289,144687
267348,403948,502858,556423,613688,695874,1104578,1219397,1254895,1316074,1332883,1393273,1480253,1509135,1575591,1649127,1769085
2920,2941,2952,2962,2975,2980,3117,3162,3166,3179,3187,3207,3224,3228,3239,3260,3273
149270,156397,162096,165171,168875,174059,188383,190455,190969,191792,191974,192638,193455,193605,193839,194330,195123
786949,880143,886355,889329,892314,895269,904265,905186,905366,905733,905838,906191,906235,905581,905642,905928,906369
690735,699261,712871,716476,721457,727869,801765,832598,840184,851135,852888,862557,875200,878666,893433,906512,925506
2539610,2542178,2543862,2545554,2547590,2550369,2570070,2575335,2577300,2580473,2581167,2584009,2587923,2589207,2592263,2595663,2600953
3460478,3570912,3663190,3698890,3755204,3836024,4626348,4866195,4921313,5026060,5058068,5174036,5311381,5345455,5458881,5558248,5661731
131138,135059,137614,139078,140915,143215,151078,152524,152943,153499,153662,154214,154724,154804,155095,155373,155792
835496,889917,915376,924130,937460,954280,993773,998970,1000177,1002806,1003574,1006166,1008492,1009240,1012113,1015025,1019286
8463,8550,8592,8637,8683,8770,9353,9515,9788,12340,13281,15676,17494,17537,17609,17730,17823
32486,32525,32567,32583,32627,32652,33085,33206,33270,33321,33333,33378,33436,33449,33510,33563,33645
790465,804725,815619,818761,825115,836211,931240,974953,985861,1006420,1010947,1030374,1052915,1060017,1083034,1100715,1123635
642469,646193,649339,651196,653310,656177,671073,674858,675710,677967,678720,680729,683519,684320,686613,688829,691737
413356,413936,414341,414577,414844,415158,417770,418689,418940,419480,419678,420273,420835,421164,422110,422748,423579
74616,81567,87174,91562,96502,100354,123187,127384,128338,130004,130412,131829,133067,133318,134066,134862,136172
1128191,1145710,1154908,1160925,1167976,1177638,1256958,1283965,1289950,1303398,1307610,1321464,1337655,1341795,1357157,1370386,1390153
196303,213326,217401,220250,222859,225619,233900,234818,234983,235319,235427,235733,236046,235956,236182,236407,236707
97142,99108,100433,101349,102412,103978,107900,108309,108408,108662,108694,108832,109062,109034,109230,109402,109623
149772,150760,152051,152401,152777,153246,155184,155595,155746,155978,156027,156214,156385,156446,156588,156731,156913
21941009,21974090,21997942,22019527,22043656,22076361,22363667,22464682,22498101,22553019,22563897,22612468,22679079,22701266,22751256,22810160,22896817
1832830,1833285,1833618,1833823,1834113,1834486,1837592,1838674,1838980,1839523,1839673,1840252,1840949,1841165,1841761,1842434,1843324
353074,355388,359102,360503,362685,365613,389583,404299,407586,412599,413677,418694,424950,426894,433581,440575,454791
1410931,1486894,1545160,1569764,1604502,1648700,1987789,2084906,2110703,2169039,2183641,2242603,2297857,2311920,2354969,2395438,2436598
221968,230444,244376,249095,254242,259434,293858,309281,312023,316543,317480,321639,326274,327708,335981,344162,354989
61386,72798,80204,82891,87741,90578,194853,200114,201591,203346,203749,205212,206564,206746,207763,208635,210011
298639,299230,299559,299718,299943,300178,302094,302784,302943,303348,303503,303895,304420,304867,305816,306502,307294
101433,101526,101582,101633,101698,101758,102458,102702,102761,102854,102887,103021,103168,103203,103333,103444,103600
15148,15163,15182,15190,15203,15220,15343,15385,15392,15399,15403,15420,15438,15445,15453,15470,15493
2572,2578,2582,2582,2584,2586,2589,2589,2590,2590,2590,2590,2590,2581,2581,2581,2580
93792,94551,95178,95536,95920,96365,100741,101853,102128,102514,102597,102942,103351,103455,103839,104155,104779
143711,151540,152562,153694,156187,158274,162053,162441,162516,162673,162718,162859,163015,162910,163034,163155,163341
160291,169823,176444,178678,181840,185899,205519,208839,209656,210936,211175,212401,214162,214375,215057,215700,216981
356065,376171,387831,392546,399001,407023,456156,471206,475477,483901,485835,492030,497724,498831,503449,507393,515951
88791,90865,91274,91386,91518,91689,92481,92659,92696,92769,92789,92881,92962,92972,93046,93117,93332
91595,130702,160693,172183,184957,196946,224569,228573,229469,231379,231932,233812,235588,236273,238203,239828,241850
6943730,6970010,6985900,6997396,7011381,7031475,7202935,7260854,7274507,7303609,7313482,7343757,7391288,7406074,7442397,7477006,7528457
1334469,1335189,1335645,1336063,1336534,1337180,1342883,1344668,1345295,1346359,1346615,1347609,1348836,1349222,1350209,1351168,1352687
461410,470844,490491,495084,500279,506076,559042,585582,589881,597064,598505,605503,612177,614009,624901,634323,645984
2230806,2358042,2430690,2488670,2554927,2594660,2746691,2797681,2813546,2862681,2880039,2909925,2933156,2936479,2950262,2964344,2980307
228360,236890,242132,244652,248288,253748,268288,269547,269947,270896,271056,271949,273131,273331,273927,274419,275239
18271083,18308324,18335614,18347246,18372623,18400639,18576203,18630212,18642601,18673286,18683562,18715811,18753520,18762427,18798943,18827362,19022298
28032,58879,71336,77912,91990,99419,124707,126379,126809,127950,128609,129761,130698,130908,131491,131847,132686
46436,47670,48709,49561,50557,51939,58310,59711,60059,60687,60877,61530,62415,62691,63710,64575,65753
1794025,1794070,1794076,1794080,1794086,1794090,1794111,1794130,1794132,1794147,1794153,1794162,1794176,1794178,1794185,1794191,1794194
137290,137352,137378,137389,137406,137433,137536,137564,137572,137593,137598,137615,137633,137639,137640,137653,139063
2070706,2119469,2157633,2175820,2197848,2225315,2428053,2496340,2510930,2548211,2561392,2595810,2638254,2672610,2743428,2797303,2865927
82923,84058,84530,84957,85432,85824,88461,88529,88542,88569,88572,88593,88608,88609,88642,88666,88686
2630168,2631843,2633339,2634446,2635016,2635485,2639097,2640359,2640664,2641460,2641663,2642322,2643342,2643617,2644358,2645160,2646288
105368,109351,110595,111018,111600,112183,114242,114529,114594,114720,114753,114852,115012,115037,115142,115256,115538
793782,958069,1114585,1191540,1265211,1352104,1803831,1939695,1970850,2033280,2050008,2105739,2173754,2194422,2260194,2320440,2410743
1048132,1165952,1222904,1262862,1307274,1369030,1759916,1875846,1903188,1964970,1986024,2037841,2098471,2114964,2166737,2215800,2289882
53376,53446,53456,53463,53476,53497,53643,53692,53696,53718,53722,53752,53789,53807,53824,53840,54244
498315,515603,535936,549061,563871,567811,584724,596294,597424,599133,599620,601854,604172,604168,606015,607802,610628
165614,173321,178710,181647,185510,189175,201602,203319,203821,204554,204717,205301,206021,206013,206255,206599,207139
66736,69105,69701,69854,70000,70183,70913,71075,71110,71184,71211,71304,71321,71349,71292,71317,71376
169681,170171,170425,170539,170845,171074,172454,172902,173042,173287,173348,173641,173962,174042,174287,174506,185913
65383,66107,66256,66323,66379,66456,66755,66849,66863,66898,66903,66938,66885,66865,66891,66907,66933
189229,214846,231155,240021,250702,263482,351868,379135,386547,402422,406729,419435,434325,437953,450410,462373,481548
1388303,1390086,1391109,1391713,1392709,1393995,1405869,1410744,1411742,1414129,1414752,1416759,1419656,1420399,1423166,1425778,1429557
262227,320001,360866,378583,400489,427933,550085,578181,584641,596506,600019,612378,627927,632503,644708,656853,675603
17863,18687,19292,19654,20004,20606,23359,23991,24167,24520,24628,24935,25246,25338,25649,25997,26448
1655061,1665032,1672469,1676556,1681138,1687599,1747304,1773494,1780876,1798807,1803350,1825436,1845140,1850303,1871793,1912802,1987820
112438,131016,138021,140456,144148,147437,155932,156920,157076,157431,157522,157853,158205,158216,158400,158560,158796
899103,929663,953916,961705,971890,989215,1101125,1141827,1151885,1179647,1187419,1211656,1230942,1235543,1253432,1265631,1281958
4691967,4696631,4699913,4702357,4705467,4709510,4740502,4750654,4754024,4759841,4761255,4766766,4774179,4776583,4782180,4788313,4797761
2059864,3064173,3807285,4322076,4859339,5542510,9577279,10693684,10948878,11519456,11731953,12262138,13047134,13269502,13908698,14515064,15398156
118195,118996,119570,119885,120388,121116,126004,128173,128688,129814,130059,130990,132355,132737,133812,135012,137102
714143,965276,1148220,1226760,1298244,1370107,1669948,1744827,1761321,1805675,1821413,1862634,1905044,1927248,1984947,2034401,2097441
105444,110062,111679,112626,113572,114489,116552,116749,116788,116844,116865,116946,117037,117057,117003,117061,117318
276601,278906,280564,281389,282846,284792,297149,299898,300488,301692,301997,303461,305392,305816,306908,307882,309698
5797312,5819896,5835286,5842067,5849782,5859035,5934457,5961173,5967505,5984880,5990834,6007817,6031734,6057979,6108436,6147589,6217263
47462,52932,57437,60171,63701,68342,86056,89762,90599,92216,92592,93969,95713,96169,98600,100761,103156
1047901,1058871,1068066,1071029,1076596,1085120,1173405,1209252,1219634,1238083,1241923,1260618,1281330,1288263,1309445,1326830,1348893
1158,1166,1172,1171,1175,1175,1197,1199,1201,1203,1204,1206,1206,1206,1207,1207,1209
14838,14875,14916,14944,14977,15014,15307,15360,15371,15398,15406,15431,15457,15462,15488,15510,15554
64855,66002,66613,66860,67196,67410,67647,67659,67662,67664,67666,67679,67686,67693,67853,67858,67859
20641,21852,22405,22683,22986,23337,24800,25163,25229,25376,25412,25567,25681,25706,25881,26013,26176
169920,172481,175215,176096,177260,178953,188539,190603,191036,191716,191881,192550,193365,193513,194275,194845,195663
796077,800050,805641,807551,809782,812126,832129,841453,843245,849949,851075,855933,859310,860131,864462,868375,873443
95700,154891,172638,180160,188554,197407,236648,246514,248658,253625,255086,259649,265297,266660,271466,275768,283367
563259,618794,645983,655528,668954,687701,803373,828308,836408,850281,853414,862934,873391,876214,882931,889646,899481
652981,693157,716692,723874,733813,749715,852442,885901,894430,912988,918253,934240,955504,958924,972484,981552,993142
18970,18987,18992,19005,19017,19035,19144,19167,19176,19186,19190,19211,19225,19225,19238,19250,19271
5380268,5395035,5405039,5410489,5416619,5423937,5490146,5512393,5517526,5531155,5536081,5549646,5564451,5572888,5594112,5611229,5635598
39433,42250,43958,44662,45629,46698,52828,54880,55181,55772,55961,56555,57459,57641,58258,58804,59666
675540,687359,695171,699633,707140,720189,773670,794577,801129,812920,816857,826946,837839,841882,855552,866786,882961
54578,55579,55597,55611,55641,55668,55800,55831,55840,55861,55869,55881,55896,55901,55911,55929,60183
92861,113829,128087,132862,138969,145211,174466,181632,183572,188062,189284,192919,197613,199302,204339,208707,215204
336519,364035,382954,392346,405079,416994,478676,491763,494867,500799,502460,507818,514347,516015,520955,525842,533857
871911,920939,985066,1001661,1021650,1065494,1147328,1161823,1165003,1170727,1172326,1177857,1183375,1186451,1196975,1209615,1219105
50090,51643,52924,53371,54012,54617,59154,60030,60229,60558,60626,61119,61410,61467,61701,61932,62563
1018564,1110855,1160845,1182297,1214055,1249632,1451727,1523109,1547529,1943502,2352498,3510029,4009117,4118239,4332040,4527437,4589974
46554,49166,50662,51880,52990,54295,58441,58983,59088,59317,59398,59665,59894,59951,60153,60363,60579
791747,795432,798361,799921,802646,809102,834102,861297,863271,865288,865751,867320,871503,872085,873884,875613,878781
4012873,4171132,4317290,4393359,4475303,4581029,5062552,5222699,5262038,5341345,5365787,5447916,5558423,5606054,5741407,5857351,6036340
19382,24105,26265,26790,27498,28385,30985,31345,31421,31593,31655,31825,31971,32013,32169,32261,32392
99865,100907,101148,101227,101317,101400,101539,101556,101563,101577,101577,101580,101605,101607,101629,101655,101683
10174965,10201953,10219018,10230123,10245044,10264413,10424922,10474207,10486012,10512689,10520585,10545542,10576466,10585577,10614874,10642854,10683114
170069,170286,170488,170591,170908,171142,173318,173985,174291,174624,174696,175001,175391,175530,175856,176187,176707
3158634,3212608,3250400,3269999,3307931,3369926,3963734,4173129,4215652,4334774,4367121,4452922,4563945,4590959,4706283,4794248,4969387
397285,405992,428015,430503,433785,438396,502034,535583,553304,578102,582629,600473,618756,622626,637016,650894,663064
495881,644509,762046,846347,932311,1053730,2555336,3186924,3338804,3736095,3889983,4311665,4825842,4971805,5513577,6013917,6810149
1644228,1964047,2107368,2178400,2245717,2302878,2456853,2499357,2509160,2530130,2535314,2552599,2580950,2590854,2613324,2636835,2704045
133565,138266,141350,142956,144733,148842,186549,197424,199799,204250,204998,208310,216047,218762,223832,228742,235982
2006,2008,2009,2009,2011,2013,2035,2038,2040,2042,2042,2044,2048,2048,2050,2053,2054
1299,1492,1569,1608,1629,1669,1806,1860,1871,1909,1915,1938,2089,2172,2252,2395,2461
576156,587576,599304,602623,607649,617686,670747,685812,690094,696623,698409,706781,714882,717481,724946,730383,735569
52477,52544,52555,52560,52564,52604,52688,52713,52715,52725,52727,52730,52744,52745,52757,52761,53867
439122247,440446143,441399650,442146995,443031683,443822887,452333390,455773992,456708680,458816224,459462222,461316880,463655461,464342986,466157589,468187234,471499283
1331,1359,1379,1384,1391,1394,1414,1419,1421,1421,1422,1424,1428,1428,1435,1439,1442
7891045,8406006,8545041,8607910,8662716,8716568,8874276,8893349,8897220,8916839,8919579,8927699,8919992,8906607,8924817,8931560,8940485
87776,89819,90542,90842,91253,91662,93117,93357,93401,93487,93509,93588,93691,93718,93820,93898,93991
269096,315321,355556,370843,384566,396191,441416,453301,456002,461177,462731,469925,480512,482659,488181,493539,501473
1211320,1213954,1215551,1216764,1218362,1220637,1242068,1248377,1249798,1253413,1254446,1257913,1263029,1264366,1269347,1273982,1280653
1364765,1385450,1414026,1425635,1439419,1455179,1660472,1778380,1817758,1868915,1876024,1922050,1983149,1994519,2067647,2125974,2204246
63381,69799,75164,78555,82743,89692,111041,114567,115326,116845,117241,118604,120177,120598,122322,123893,125746
81944595,82226954,82445008,82581054,82724688,82926220,84684552,85307111,85468232,85841526,85964688,86294659,86752905,86887417,87274988,87664081,88236096
17328852,17359081,17378887,17388020,17400249,17420691,17616241,17692040,17713291,17763416,17777404,17821190,17869636,17885600,17944483,17988676,18052393
12837410,13086934,13244750,13343053,13452233,13596034,14626391,14921696,14993350,15150964,15203375,15353768,15555258,15614850,15786582,15958390,16196469
8234,8301,8338,8399,8430,8454,8516,8525,8527,8535,8540,8543,8574,8583,8583,8549,8550
3633,3696,3744,3789,3835,3897,4399,4543,4584,4716,4735,4841,4941,4962,5084,5288,5406
7053067,7093234,7120017,7136553,7159013,7190785,7499399,7608175,7636732,7705117,7726081,7791518,7880803,7906568,7988851,8063650,8171736
147,147,147,147,147,147,148,148,148,148,148,150,150,151,152,154,155
86104,88060,89422,90264,91235,93165,100813,103038,103528,104385,104619,105369,106044,106397,107222,108402,109510
79042,80166,81054,81464,82147,83025,87869,89108,89391,89701,89816,90171,90842,90916,91239,91524,91991
278879,322357,350163,360362,372065,386366,427986,437364,439223,442949,443946,447630,451621,452001,455064,457615,462577
1380,1387,1393,1396,1398,1402,1489,1529,1536,1568,1575,1620,1663,1677,1706,1722,1794
24450001,24491650,24521132,24541577,24566645,24601793,24865067,24961337,24987255,25046752,25065903,25121708,25195487,25216799,25280901,25345039,25434209
330586,362015,390768,404143,424736,445377,574503,604779,612087,624134,627731,639423,656906,661524,672641,673295,703617
28200,31483,33869,34850,35963,37215,40851,41485,41611,41793,41839,42112,42345,42382,42454,42552,42685
67135,78526,83116,84935,87339,90057,97131,97634,97750,97955,98006,98201,98391,98462,98478,98593,98747
1731,1864,1932,1971,2005,2033,2292,2374,2386,2415,2419,2427,2441,2442,2447,2466,2486
20383,22050,22618,22922,23268,23538,25070,25408,25493,25894,25975,26111,26236,26244,26305,26365,26458
999141,1681859,2034982,2152945,2358123,2515595,2986805,3008657,3012279,3050871,3101979,3159970,3194845,3204272,3218282,3228769,3238216
4035,4107,4130,4149,4151,4184,4372,4426,4434,4461,4468,4486,4514,4517,4535,4546,4566
23581,26393,28016,28785,29814,30689,33923,34441,34583,34810,34864,35079,35361,35422,35658,35869,36144
103536,107225,108585,109122,110047,111005,113200,113300,113320,113358,113368,113412,113451,113464,113480,113505,113533
2702890,2708819,2713885,2716542,2721232,2727891,2768176,2777207,2779279,2783492,2784646,2789463,2794139,2795480,2799603,2803158,2842526
31304,31543,31757,31831,31938,32106,32900,33097,33149,33255,33288,33383,33461,33486,33567,33632,33734
3902397,4041183,4149840,4218098,4307582,4409886,5021638,5279977,5358588,5503303,5547957,5675945,5841259,5897983,6028971,6148700,6341465
490755,579031,635112,657930,686860,722495,900428,947725,968448,1003589,1011890,1038820,1072376,1087836,1119056,1152152,1227420
2894980,2900691,2908931,2911508,2914830,2922954,2963793,2984656,2990187,2999249,3000838,3008412,3020046,3022868,3041348,3056714,3078355
232681,241052,248546,253317,258375,262371,279524,282756,283589,285427,285816,287450,290324,290699,291809,292893,294439
392925,426227,440250,446747,457227,466927,489356,491384,491779,492662,492864,493571,494395,494413,495357,496080,496843
1039628,1070852,1092107,1100885,1115773,1139524,1313282,1546661,1603287,1677371,1692459,1754224,1847466,1877069,1921664,1969083,2051138
660828,674815,689730,694829,702573,713218,787529,813868,820660,832959,835690,847662,858213,861540,871151,878711,888362
